{
	"partitions" : [
		{
			"name" : "Top",
			"pins" : [
				{
					"name" : "year_2[1]",
					"strict" : false
				},
				{
					"name" : "year_2[6]",
					"strict" : false
				},
				{
					"name" : "month_1[6]",
					"strict" : false
				},
				{
					"name" : "month_2[3]",
					"strict" : false
				},
				{
					"name" : "month_2[4]",
					"strict" : false
				},
				{
					"name" : "month_2[5]",
					"strict" : false
				},
				{
					"name" : "month_2[6]",
					"strict" : false
				},
				{
					"name" : "day_1[0]",
					"strict" : false
				},
				{
					"name" : "day_1[2]",
					"strict" : false
				},
				{
					"name" : "day_1[3]",
					"strict" : false
				},
				{
					"name" : "day_1[4]",
					"strict" : false
				},
				{
					"name" : "day_1[5]",
					"strict" : false
				},
				{
					"name" : "day_1[6]",
					"strict" : false
				},
				{
					"name" : "day_2[1]",
					"strict" : false
				},
				{
					"name" : "day_2[2]",
					"strict" : false
				},
				{
					"name" : "day_2[3]",
					"strict" : false
				},
				{
					"name" : "day_2[4]",
					"strict" : false
				},
				{
					"name" : "day_2[5]",
					"strict" : false
				},
				{
					"name" : "day_2[6]",
					"strict" : false
				},
				{
					"name" : "btn_1",
					"strict" : false
				},
				{
					"name" : "btn_2",
					"strict" : false
				},
				{
					"name" : "btn_3",
					"strict" : false
				}
			]
		}
	]
}